keyword,google,yahoo,duckduck,bing,rn
packaging supplies by mail,TRUE,TRUE,TRUE,TRUE,1
dallas texas apartments,TRUE,TRUE,TRUE,TRUE,2
letanías rosario,TRUE,TRUE,TRUE,TRUE,3
fossils pictures,TRUE,TRUE,TRUE,TRUE,4
app translations,TRUE,TRUE,TRUE,TRUE,5
keurig coffee maker white,TRUE,TRUE,TRUE,TRUE,6
trimming baseboard,TRUE,TRUE,TRUE,TRUE,7
va culpeper,TRUE,TRUE,TRUE,TRUE,8
wire-free bras,TRUE,TRUE,TRUE,TRUE,9
prince george county schools,TRUE,TRUE,TRUE,TRUE,10
mae west children,TRUE,TRUE,TRUE,TRUE,11
home depot st clair,TRUE,TRUE,TRUE,TRUE,12
bulletproof 2,TRUE,TRUE,TRUE,TRUE,13
deeply rooted,TRUE,TRUE,TRUE,TRUE,14
cmbl,TRUE,TRUE,TRUE,TRUE,15
zip lining near me,TRUE,TRUE,TRUE,TRUE,16
the door was ajar,TRUE,TRUE,TRUE,TRUE,17
different types of bolts,TRUE,TRUE,TRUE,TRUE,18
65 inch to feet,TRUE,TRUE,TRUE,TRUE,19
key wallet louis vuitton,TRUE,TRUE,TRUE,TRUE,20
craigslist nh free,TRUE,TRUE,TRUE,TRUE,21
shared onenote,TRUE,TRUE,TRUE,TRUE,22
ziehl abegg,TRUE,TRUE,TRUE,TRUE,23
"fairless hills, pa",TRUE,TRUE,TRUE,TRUE,24
map in java,TRUE,TRUE,TRUE,TRUE,25
bookseller,TRUE,TRUE,TRUE,TRUE,26
bop florida,TRUE,TRUE,TRUE,TRUE,27
chris stewart nhl,TRUE,TRUE,TRUE,TRUE,28
recipe with bacon,TRUE,TRUE,TRUE,TRUE,29
urban farm denver,TRUE,TRUE,TRUE,TRUE,30
cast of home,TRUE,TRUE,TRUE,TRUE,31
things to do in tucson,TRUE,TRUE,TRUE,TRUE,32
portland museum of art,TRUE,TRUE,TRUE,TRUE,33
universities in north florida,TRUE,TRUE,TRUE,TRUE,34
matt klentak,TRUE,TRUE,TRUE,TRUE,35
"memory foam mattress, full size",TRUE,TRUE,TRUE,TRUE,36
gasket fridge,TRUE,TRUE,TRUE,TRUE,37
map of counties in tennessee,TRUE,TRUE,TRUE,TRUE,38
traumasoft login,TRUE,TRUE,TRUE,TRUE,39
picture frame for dad,TRUE,TRUE,TRUE,TRUE,40
custom designs for shirts,TRUE,TRUE,TRUE,TRUE,41
concrete window sills,TRUE,TRUE,TRUE,TRUE,42
sav mor leather,TRUE,TRUE,TRUE,TRUE,43
janumet copay card,TRUE,TRUE,TRUE,TRUE,44
avant singer,TRUE,TRUE,TRUE,TRUE,45
songs by genesis,TRUE,TRUE,TRUE,TRUE,46
wolf's rain - tsume,TRUE,TRUE,TRUE,TRUE,47
sql my,TRUE,TRUE,TRUE,TRUE,48
dachshunds puppies for sale,TRUE,TRUE,TRUE,TRUE,49
apps for samsung watch,TRUE,TRUE,TRUE,TRUE,50
fear & greed index,TRUE,TRUE,TRUE,TRUE,51
kubota tractor sales,TRUE,TRUE,TRUE,TRUE,52
weed control fabric,TRUE,TRUE,TRUE,TRUE,53
wi governor,TRUE,TRUE,TRUE,TRUE,54
"east hampton, ct zip code",TRUE,TRUE,TRUE,TRUE,55
cambodia map in world,TRUE,TRUE,TRUE,TRUE,56
small pools above ground,TRUE,TRUE,TRUE,TRUE,57
usmarkets,TRUE,TRUE,TRUE,TRUE,58
johnny rodriguez pass me by,TRUE,TRUE,TRUE,TRUE,59
the meaning of evil eye,TRUE,TRUE,TRUE,TRUE,60
this is the first day of my life,TRUE,TRUE,TRUE,TRUE,61
winx club darcy,TRUE,TRUE,TRUE,TRUE,62
the backyardigans: robin hood the clean,TRUE,TRUE,TRUE,TRUE,63
wrist strap for gopro,TRUE,TRUE,TRUE,TRUE,64
danny deli,TRUE,TRUE,TRUE,TRUE,65
max b,TRUE,TRUE,TRUE,TRUE,66
spider bites images,TRUE,TRUE,TRUE,TRUE,67
bone chillingly,TRUE,TRUE,TRUE,TRUE,68
sci fi movies recent,TRUE,TRUE,TRUE,TRUE,69
katydids,TRUE,TRUE,TRUE,TRUE,70
roblox ;) face,TRUE,TRUE,TRUE,TRUE,71
cast of the hills,TRUE,TRUE,TRUE,TRUE,72
single-stranded rna,TRUE,TRUE,TRUE,TRUE,73
live stream cricket for free,TRUE,TRUE,TRUE,TRUE,74
mulan dragon,TRUE,TRUE,TRUE,TRUE,75
benevolence means,TRUE,TRUE,TRUE,TRUE,76
all drugs,TRUE,TRUE,TRUE,TRUE,77
fancy pajama,TRUE,TRUE,TRUE,TRUE,78
gravel for sale,TRUE,TRUE,TRUE,TRUE,79
my key,TRUE,TRUE,TRUE,TRUE,80
starlord,TRUE,TRUE,TRUE,TRUE,81
definition of harassed,TRUE,TRUE,TRUE,TRUE,82
cheese puffs,TRUE,TRUE,TRUE,TRUE,83
restaurants in college station bryan,TRUE,TRUE,TRUE,TRUE,84
hi in japan,TRUE,TRUE,TRUE,TRUE,85
what teams did terry bradshaw play for,TRUE,TRUE,TRUE,TRUE,86
barn quilt,TRUE,TRUE,TRUE,TRUE,87
cooked pancetta,TRUE,TRUE,TRUE,TRUE,88
highlands garden,TRUE,TRUE,TRUE,TRUE,89
haitian kremas,TRUE,TRUE,TRUE,TRUE,90
swords minecraft,TRUE,TRUE,TRUE,TRUE,91
walmart hair skin and nails,TRUE,TRUE,TRUE,TRUE,92
pc part picker canada,TRUE,TRUE,TRUE,TRUE,93
quarantine suits,TRUE,TRUE,TRUE,TRUE,94
twitch tv activate,TRUE,TRUE,TRUE,TRUE,95
psychoanalysis psychology definition,TRUE,TRUE,TRUE,TRUE,96
bob jones prophet,TRUE,TRUE,TRUE,TRUE,97
senate member,TRUE,TRUE,TRUE,TRUE,98
沉没成本,TRUE,TRUE,TRUE,TRUE,99
brandished,TRUE,TRUE,TRUE,TRUE,100
after read online,TRUE,TRUE,TRUE,NA,1
emerald tablets,TRUE,TRUE,TRUE,NA,2
grill kamado joe,TRUE,TRUE,TRUE,NA,3
intrínseco definicion,TRUE,TRUE,TRUE,NA,4
chicago street guide,TRUE,TRUE,TRUE,NA,5
reflect quotes,TRUE,TRUE,TRUE,NA,6
gold's horseradish,TRUE,TRUE,TRUE,NA,7
mariah carey christmas,TRUE,TRUE,TRUE,NA,8
luke 21 24,TRUE,TRUE,TRUE,NA,9
golrusk,TRUE,TRUE,TRUE,NA,10
what are exoplanets,TRUE,TRUE,TRUE,NA,11
ohio renters rights,TRUE,TRUE,TRUE,NA,12
pitbull mixed with golden retriever,TRUE,TRUE,TRUE,NA,13
sushi provo,TRUE,TRUE,TRUE,NA,14
bickslow,TRUE,TRUE,TRUE,NA,15
bacchanal buffet,TRUE,TRUE,TRUE,NA,16
haemodynamics,TRUE,TRUE,TRUE,NA,17
i94 online,TRUE,TRUE,TRUE,NA,18
flower stands wedding,TRUE,TRUE,TRUE,NA,19
symbols on apple keyboard,TRUE,TRUE,TRUE,NA,20
zodiac boat,TRUE,TRUE,TRUE,NA,21
arcade room,TRUE,TRUE,TRUE,NA,22
what does claudine longet look like now ?,TRUE,TRUE,TRUE,NA,23
pan fried noodles,TRUE,TRUE,TRUE,NA,24
flameless lighters,TRUE,TRUE,TRUE,NA,25
stock under armour,TRUE,TRUE,TRUE,NA,26
url what is,TRUE,TRUE,TRUE,NA,27
process of strategic planning,TRUE,TRUE,TRUE,NA,28
the powerpuff girls him,TRUE,TRUE,TRUE,NA,29
youtube google chrome,TRUE,TRUE,TRUE,NA,30
power source battery,TRUE,TRUE,TRUE,NA,31
futbol hoy mexico,TRUE,TRUE,TRUE,NA,32
cars in fast and furious,TRUE,TRUE,TRUE,NA,33
closet doors sliding,TRUE,TRUE,TRUE,NA,34
beginners cooking,TRUE,TRUE,TRUE,NA,35
valentine's day ideas for friends,TRUE,TRUE,TRUE,NA,36
churned meaning,TRUE,TRUE,TRUE,NA,37
vecernje novosti,TRUE,TRUE,TRUE,NA,38
horror video game,TRUE,TRUE,TRUE,NA,39
the 4400,TRUE,TRUE,TRUE,NA,40
week 3 nfl scores,TRUE,TRUE,TRUE,NA,41
"realtor in raleigh, nc",TRUE,TRUE,TRUE,NA,42
side effects of wellbutrin,TRUE,TRUE,TRUE,NA,43
baby activities near me,TRUE,TRUE,TRUE,NA,44
quotes for women,TRUE,TRUE,TRUE,NA,45
wall ball shots,TRUE,TRUE,TRUE,NA,46
brand shoes,TRUE,TRUE,TRUE,NA,47
presbyterian college,TRUE,TRUE,TRUE,NA,48
is hpv curable,TRUE,TRUE,TRUE,NA,49
honda in valley stream,TRUE,TRUE,TRUE,NA,50
snap on tool box price,TRUE,TRUE,TRUE,NA,51
kings shoes,TRUE,TRUE,TRUE,NA,52
units converter google,TRUE,TRUE,TRUE,NA,53
slappy goosebumps,TRUE,TRUE,TRUE,NA,54
average temperature in raleigh nc,TRUE,TRUE,TRUE,NA,55
anna freud,TRUE,TRUE,TRUE,NA,56
arlington oaks,TRUE,TRUE,TRUE,NA,57
diners drive-ins and dives near me,TRUE,TRUE,TRUE,NA,58
blogging software,TRUE,TRUE,TRUE,NA,59
cotton patch bryan texas,TRUE,TRUE,TRUE,NA,60
lighthouse cove resort,TRUE,TRUE,TRUE,NA,61
jennifer lopez puerto rico,TRUE,TRUE,TRUE,NA,62
novasource,TRUE,TRUE,TRUE,NA,63
x:\windows,TRUE,TRUE,TRUE,NA,64
doctor of homeopathy,TRUE,TRUE,TRUE,NA,65
michigan weather,TRUE,TRUE,TRUE,NA,66
santa fe dentist,TRUE,TRUE,TRUE,NA,67
adjective word,TRUE,TRUE,TRUE,NA,68
grocery coupons,TRUE,TRUE,TRUE,NA,69
yoda from star wars,TRUE,TRUE,TRUE,NA,70
pictures of eukaryotic cells,TRUE,TRUE,TRUE,NA,71
chicken vienna sausage,TRUE,TRUE,TRUE,NA,72
boardwalk ocean city md,TRUE,TRUE,TRUE,NA,73
emotional abuse signs,TRUE,TRUE,TRUE,NA,74
gnu carbon credit,TRUE,TRUE,TRUE,NA,75
skyview wines,TRUE,TRUE,TRUE,NA,76
law of the jungle poem,TRUE,TRUE,TRUE,NA,77
the game tetris,TRUE,TRUE,TRUE,NA,78
barber woodbury,TRUE,TRUE,TRUE,NA,79
clara edwards,TRUE,TRUE,TRUE,NA,80
commodus,TRUE,TRUE,TRUE,NA,81
st charles high school,TRUE,TRUE,TRUE,NA,82
crushing stones,TRUE,TRUE,TRUE,NA,83
mt washington weather,TRUE,TRUE,TRUE,NA,84
fire valencia,TRUE,TRUE,TRUE,NA,85
under armour women's pants,TRUE,TRUE,TRUE,NA,86
bluemont hotel manhattan ks,TRUE,TRUE,TRUE,NA,87
boston radio stations,TRUE,TRUE,TRUE,NA,88
us imdb,TRUE,TRUE,TRUE,NA,89
mahzu,TRUE,TRUE,TRUE,NA,90
i want to see the baby,TRUE,TRUE,TRUE,NA,91
romania women's,TRUE,TRUE,TRUE,NA,92
rats home,TRUE,TRUE,TRUE,NA,93
nicholas castellanos,TRUE,TRUE,TRUE,NA,94
power wheel tractor,TRUE,TRUE,TRUE,NA,95
universities sydney,TRUE,TRUE,TRUE,NA,96
conquetes,TRUE,TRUE,TRUE,NA,97
stetson lawrence,TRUE,TRUE,TRUE,NA,98
budget plan template,TRUE,TRUE,TRUE,NA,99
organic castor oil,TRUE,TRUE,TRUE,NA,100
signs of skin cancer mole,TRUE,TRUE,NA,TRUE,1
mission to the world,TRUE,TRUE,NA,TRUE,2
clove oil,TRUE,TRUE,NA,TRUE,3
full suspension mountain bikes,TRUE,TRUE,NA,TRUE,4
columbia fleece jacket men,TRUE,TRUE,NA,TRUE,5
study blue,TRUE,TRUE,NA,TRUE,6
bain ultra,TRUE,TRUE,NA,TRUE,7
nyc protest,TRUE,TRUE,NA,TRUE,8
kindred hospital,TRUE,TRUE,NA,TRUE,9
nick meaning,TRUE,TRUE,NA,TRUE,10
skillet fried chicken,TRUE,TRUE,NA,TRUE,11
1800gotjunk,TRUE,TRUE,NA,TRUE,12
is blue's clues a girl,TRUE,TRUE,NA,TRUE,13
h and h towing,TRUE,TRUE,NA,TRUE,14
dosido,TRUE,TRUE,NA,TRUE,15
shoe cleaner homemade,TRUE,TRUE,NA,TRUE,16
movies rentals,TRUE,TRUE,NA,TRUE,17
delete board in trello,TRUE,TRUE,NA,TRUE,18
gooch and housego,TRUE,TRUE,NA,TRUE,19
free online counseling,TRUE,TRUE,NA,TRUE,20
songs for car,TRUE,TRUE,NA,TRUE,21
busan air,TRUE,TRUE,NA,TRUE,22
beer tasting glasses,TRUE,TRUE,NA,TRUE,23
warships,TRUE,TRUE,NA,TRUE,24
thelma riley,TRUE,TRUE,NA,TRUE,25
games bubble shooter,TRUE,TRUE,NA,TRUE,26
honey dew menu,TRUE,TRUE,NA,TRUE,27
houses for sale south amboy nj,TRUE,TRUE,NA,TRUE,28
video only,TRUE,TRUE,NA,TRUE,29
convert columns to rows in excel,TRUE,TRUE,NA,TRUE,30
penn state-ohio state game,TRUE,TRUE,NA,TRUE,31
rail hooks,TRUE,TRUE,NA,TRUE,32
polymers definition,TRUE,TRUE,NA,TRUE,33
dip food,TRUE,TRUE,NA,TRUE,34
nationwide insurance company,TRUE,TRUE,NA,TRUE,35
lyrics to forever,TRUE,TRUE,NA,TRUE,36
nba predictions playoffs,TRUE,TRUE,NA,TRUE,37
activity in android,TRUE,TRUE,NA,TRUE,38
chunli,TRUE,TRUE,NA,TRUE,39
baby slept through the night,TRUE,TRUE,NA,TRUE,40
penguin color,TRUE,TRUE,NA,TRUE,41
troy melting pot,TRUE,TRUE,NA,TRUE,42
why the stock market is down today,TRUE,TRUE,NA,TRUE,43
real estate exam california prep,TRUE,TRUE,NA,TRUE,44
cfr internships,TRUE,TRUE,NA,TRUE,45
pumpkin seeds oil,TRUE,TRUE,NA,TRUE,46
modular wine racks,TRUE,TRUE,NA,TRUE,47
corsets plus size,TRUE,TRUE,NA,TRUE,48
next day delivery mattress,TRUE,TRUE,NA,TRUE,49
lift straps,TRUE,TRUE,NA,TRUE,50
carcinogens chemicals,TRUE,TRUE,NA,TRUE,51
coasters at cedar point,TRUE,TRUE,NA,TRUE,52
coffee table tray top,TRUE,TRUE,NA,TRUE,53
forms of discrimination,TRUE,TRUE,NA,TRUE,54
questions to ask a new girlfriend,TRUE,TRUE,NA,TRUE,55
guy products,TRUE,TRUE,NA,TRUE,56
walmart rosemary oil,TRUE,TRUE,NA,TRUE,57
you showed me / the turtles,TRUE,TRUE,NA,TRUE,58
lighting for galley kitchen,TRUE,TRUE,NA,TRUE,59
resorts in hilton head,TRUE,TRUE,NA,TRUE,60
jubilant,TRUE,TRUE,NA,TRUE,61
wwe pay per views,TRUE,TRUE,NA,TRUE,62
ultra-pro deck box,TRUE,TRUE,NA,TRUE,63
neiman marcus credit cards,TRUE,TRUE,NA,TRUE,64
define mo,TRUE,TRUE,NA,TRUE,65
bays boating,TRUE,TRUE,NA,TRUE,66
spider kid costume,TRUE,TRUE,NA,TRUE,67
vampires image,TRUE,TRUE,NA,TRUE,68
fasting songs,TRUE,TRUE,NA,TRUE,69
top of big bang,TRUE,TRUE,NA,TRUE,70
propane tank sales,TRUE,TRUE,NA,TRUE,71
chips movie,TRUE,TRUE,NA,TRUE,72
zuma nesta rock rossdale,TRUE,TRUE,NA,TRUE,73
register a wedding,TRUE,TRUE,NA,TRUE,74
which of the following statements regarding enzymes is true,TRUE,TRUE,NA,TRUE,75
hanging projector screen,TRUE,TRUE,NA,TRUE,76
accuquilt,TRUE,TRUE,NA,TRUE,77
long-legged cats,TRUE,TRUE,NA,TRUE,78
amber alert south carolina,TRUE,TRUE,NA,TRUE,79
harbor freight pump sprayer,TRUE,TRUE,NA,TRUE,80
the seventh seal,TRUE,TRUE,NA,TRUE,81
skechers go walk men,TRUE,TRUE,NA,TRUE,82
quick quack car wash prices,TRUE,TRUE,NA,TRUE,83
definition of development,TRUE,TRUE,NA,TRUE,84
scatter plot and line of best fit worksheet,TRUE,TRUE,NA,TRUE,85
ports on router,TRUE,TRUE,NA,TRUE,86
camaro 2020 ss,TRUE,TRUE,NA,TRUE,87
hat with a flap,TRUE,TRUE,NA,TRUE,88
truck drivers jobs,TRUE,TRUE,NA,TRUE,89
harbour island hotels,TRUE,TRUE,NA,TRUE,90
kung fu little steamed buns ramen,TRUE,TRUE,NA,TRUE,91
charles schwab account login,TRUE,TRUE,NA,TRUE,92
blanka street fighter 2,TRUE,TRUE,NA,TRUE,93
atlanta planit,TRUE,TRUE,NA,TRUE,94
men ear piercings,TRUE,TRUE,NA,TRUE,95
kids nike sandals,TRUE,TRUE,NA,TRUE,96
marsala wine,TRUE,TRUE,NA,TRUE,97
weakness potion:minecraft,TRUE,TRUE,NA,TRUE,98
elmhurst memorial hospital,TRUE,TRUE,NA,TRUE,99
las vegas electric,TRUE,TRUE,NA,TRUE,100
salem nh ford,TRUE,TRUE,NA,NA,1
adjustable rolling pins,TRUE,TRUE,NA,NA,2
"lil bub, the cat",TRUE,TRUE,NA,NA,3
auxiliaries verbs,TRUE,TRUE,NA,NA,4
qvc. lunchtime specials,TRUE,TRUE,NA,NA,5
life expectancy of north korea,TRUE,TRUE,NA,NA,6
brother machine embroidery,TRUE,TRUE,NA,NA,7
cummins 12 valve engine for sale,TRUE,TRUE,NA,NA,8
2 in-1 shampoo and conditioner,TRUE,TRUE,NA,NA,9
dog potty outdoor area,TRUE,TRUE,NA,NA,10
hell hath no fury clipse,TRUE,TRUE,NA,NA,11
abandoned meaning,TRUE,TRUE,NA,NA,12
monster screen cleaning,TRUE,TRUE,NA,NA,13
swiss chocolate brands,TRUE,TRUE,NA,NA,14
big brother spoilers who won hoh tonight,TRUE,TRUE,NA,NA,15
green earth landscape,TRUE,TRUE,NA,NA,16
"walmart hickory, nc",TRUE,TRUE,NA,NA,17
come onnnn,TRUE,TRUE,NA,NA,18
car kids,TRUE,TRUE,NA,NA,19
their finest hours,TRUE,TRUE,NA,NA,20
air valve solenoid,TRUE,TRUE,NA,NA,21
comforter queen size,TRUE,TRUE,NA,NA,22
ital company,TRUE,TRUE,NA,NA,23
electric winch hoist,TRUE,TRUE,NA,NA,24
how is ceramic coating applied,TRUE,TRUE,NA,NA,25
l words,TRUE,TRUE,NA,NA,26
excel mod function,TRUE,TRUE,NA,NA,27
acer chrome book,TRUE,TRUE,NA,NA,28
app microphone,TRUE,TRUE,NA,NA,29
2010 lexus rx,TRUE,TRUE,NA,NA,30
la jolla dental,TRUE,TRUE,NA,NA,31
matrix reloaded cast,TRUE,TRUE,NA,NA,32
iced skinny vanilla latte,TRUE,TRUE,NA,NA,33
boy bat costume,TRUE,TRUE,NA,NA,34
icd 10 sleep apnea,TRUE,TRUE,NA,NA,35
hydro grow kits,TRUE,TRUE,NA,NA,36
e 470 toll calculator,TRUE,TRUE,NA,NA,37
esophagus histology,TRUE,TRUE,NA,NA,38
tide to go pen,TRUE,TRUE,NA,NA,39
flea bites on humans,TRUE,TRUE,NA,NA,40
cos(5),TRUE,TRUE,NA,NA,41
no parking on the dance floor by midnight star,TRUE,TRUE,NA,NA,42
2 quart mason jars,TRUE,TRUE,NA,NA,43
mo lawyer,TRUE,TRUE,NA,NA,44
common projects achilles,TRUE,TRUE,NA,NA,45
dmv in long island,TRUE,TRUE,NA,NA,46
isabella county courthouse,TRUE,TRUE,NA,NA,47
freeman toyota,TRUE,TRUE,NA,NA,48
mobile home sales vermont,TRUE,TRUE,NA,NA,49
banking loan,TRUE,TRUE,NA,NA,50
parasailing fort lauderdale,TRUE,TRUE,NA,NA,51
camo wedding cakes,TRUE,TRUE,NA,NA,52
wmgt-tv,TRUE,TRUE,NA,NA,53
supreme spices,TRUE,TRUE,NA,NA,54
day pass admirals club,TRUE,TRUE,NA,NA,55
busta rhymes big bang,TRUE,TRUE,NA,NA,56
towns in norway,TRUE,TRUE,NA,NA,57
crestwood library,TRUE,TRUE,NA,NA,58
dawn rider cast,TRUE,TRUE,NA,NA,59
feliz cumpleaños nina,TRUE,TRUE,NA,NA,60
ir a conjugation,TRUE,TRUE,NA,NA,61
apple shows,TRUE,TRUE,NA,NA,62
best places to travel in march usa,TRUE,TRUE,NA,NA,63
crockett family farms,TRUE,TRUE,NA,NA,64
mandolin rain,TRUE,TRUE,NA,NA,65
iran population,TRUE,TRUE,NA,NA,66
gum stimulator,TRUE,TRUE,NA,NA,67
"houses for sale in sewickley, pa",TRUE,TRUE,NA,NA,68
bar association nassau county,TRUE,TRUE,NA,NA,69
behavioral tests,TRUE,TRUE,NA,NA,70
damage to lungs from smoking,TRUE,TRUE,NA,NA,71
long meadow farm,TRUE,TRUE,NA,NA,72
small trunks,TRUE,TRUE,NA,NA,73
powder coat rims,TRUE,TRUE,NA,NA,74
computer table stand,TRUE,TRUE,NA,NA,75
silver party dresses,TRUE,TRUE,NA,NA,76
hooks for curtain tie backs,TRUE,TRUE,NA,NA,77
comcast pay my bill,TRUE,TRUE,NA,NA,78
pink peruvian opals,TRUE,TRUE,NA,NA,79
park icons,TRUE,TRUE,NA,NA,80
large subway tile in shower,TRUE,TRUE,NA,NA,81
how to wrap present,TRUE,TRUE,NA,NA,82
cool bed for dogs,TRUE,TRUE,NA,NA,83
supro amp,TRUE,TRUE,NA,NA,84
comic reading online,TRUE,TRUE,NA,NA,85
thelonelyisland,TRUE,TRUE,NA,NA,86
how to make homemade lemonade,TRUE,TRUE,NA,NA,87
where are you,TRUE,TRUE,NA,NA,88
pole-wrap basement,TRUE,TRUE,NA,NA,89
element builder gizmo answer key,TRUE,TRUE,NA,NA,90
jimmy kellys,TRUE,TRUE,NA,NA,91
things to do when in vegas,TRUE,TRUE,NA,NA,92
catchsurf log,TRUE,TRUE,NA,NA,93
shark duo vacuum cleaner,TRUE,TRUE,NA,NA,94
ups san leandro,TRUE,TRUE,NA,NA,95
diary of a wimpy kid books,TRUE,TRUE,NA,NA,96
wooden pick minecraft,TRUE,TRUE,NA,NA,97
moxi roller skate,TRUE,TRUE,NA,NA,98
off grid internet,TRUE,TRUE,NA,NA,99
outlook not syncing,TRUE,TRUE,NA,NA,100
the music den,TRUE,NA,TRUE,TRUE,1
nerf war party,TRUE,NA,TRUE,TRUE,2
factors for 56,TRUE,NA,TRUE,TRUE,3
ancona duck,TRUE,NA,TRUE,TRUE,4
north carolina ucc search,TRUE,NA,TRUE,TRUE,5
cute happy quotes,TRUE,NA,TRUE,TRUE,6
ames performance,TRUE,NA,TRUE,TRUE,7
mince pie,TRUE,NA,TRUE,TRUE,8
acorn card,TRUE,NA,TRUE,TRUE,9
new bed set,TRUE,NA,TRUE,TRUE,10
physicians medical group of san jose,TRUE,NA,TRUE,TRUE,11
fox and the hound tattoo,TRUE,NA,TRUE,TRUE,12
burpee exercise,TRUE,NA,TRUE,TRUE,13
mario's mushroom,TRUE,NA,TRUE,TRUE,14
zechariah 4:10,TRUE,NA,TRUE,TRUE,15
planet fitness farmington nm,TRUE,NA,TRUE,TRUE,16
stevens creek toyota,TRUE,NA,TRUE,TRUE,17
clipart penguin,TRUE,NA,TRUE,TRUE,18
beach house rentals panama city beach,TRUE,NA,TRUE,TRUE,19
knitter machine,TRUE,NA,TRUE,TRUE,20
lake charles sasol,TRUE,NA,TRUE,TRUE,21
pasha restaurant,TRUE,NA,TRUE,TRUE,22
guide to dark souls,TRUE,NA,TRUE,TRUE,23
big-o complexity,TRUE,NA,TRUE,TRUE,24
st john's episcopal church,TRUE,NA,TRUE,TRUE,25
weather mississippi,TRUE,NA,TRUE,TRUE,26
cowboys versus the giants,TRUE,NA,TRUE,TRUE,27
angularjs document,TRUE,NA,TRUE,TRUE,28
nails sunny,TRUE,NA,TRUE,TRUE,29
cincinnati playhouse in the park,TRUE,NA,TRUE,TRUE,30
weather-yuba city,TRUE,NA,TRUE,TRUE,31
bash script -z,TRUE,NA,TRUE,TRUE,32
hawaiians singing,TRUE,NA,TRUE,TRUE,33
united health optum rx,TRUE,NA,TRUE,TRUE,34
craigslist albuquerque free stuff,TRUE,NA,TRUE,TRUE,35
monster hunter book series,TRUE,NA,TRUE,TRUE,36
ramadan recipes,TRUE,NA,TRUE,TRUE,37
richmond high school va,TRUE,NA,TRUE,TRUE,38
kraususa,TRUE,NA,TRUE,TRUE,39
chili restaurants near me,TRUE,NA,TRUE,TRUE,40
freedom transit,TRUE,NA,TRUE,TRUE,41
martin midstream stock,TRUE,NA,TRUE,TRUE,42
infj types,TRUE,NA,TRUE,TRUE,43
break heart quotes,TRUE,NA,TRUE,TRUE,44
eden sher,TRUE,NA,TRUE,TRUE,45
couples yoga poses,TRUE,NA,TRUE,TRUE,46
dry skin on face,TRUE,NA,TRUE,TRUE,47
stiglmeier park,TRUE,NA,TRUE,TRUE,48
tvc airport,TRUE,NA,TRUE,TRUE,49
reno nevada craigslist,TRUE,NA,TRUE,TRUE,50
alexis sánchez,TRUE,NA,TRUE,TRUE,51
"gas prices in london, kentucky",TRUE,NA,TRUE,TRUE,52
天气预报,TRUE,NA,TRUE,TRUE,53
southern kitchen,TRUE,NA,TRUE,TRUE,54
nbh,TRUE,NA,TRUE,TRUE,55
importance of cholesterol,TRUE,NA,TRUE,TRUE,56
ocoee river rafting,TRUE,NA,TRUE,TRUE,57
city oregon,TRUE,NA,TRUE,TRUE,58
best dog seat belts,TRUE,NA,TRUE,TRUE,59
foot care kits,TRUE,NA,TRUE,TRUE,60
you and i vs you and me,TRUE,NA,TRUE,TRUE,61
marvel mobile games,TRUE,NA,TRUE,TRUE,62
lincoln sp100,TRUE,NA,TRUE,TRUE,63
wolf totem pole,TRUE,NA,TRUE,TRUE,64
kevin ware injury,TRUE,NA,TRUE,TRUE,65
apartment remodel,TRUE,NA,TRUE,TRUE,66
pharaohs costume,TRUE,NA,TRUE,TRUE,67
king county superior court e-file,TRUE,NA,TRUE,TRUE,68
nickfinder,TRUE,NA,TRUE,TRUE,69
bell electrical,TRUE,NA,TRUE,TRUE,70
footprint in the sand picture,TRUE,NA,TRUE,TRUE,71
titans message board,TRUE,NA,TRUE,TRUE,72
sparkys burgers,TRUE,NA,TRUE,TRUE,73
best restaurant in pensacola,TRUE,NA,TRUE,TRUE,74
what is a jockey,TRUE,NA,TRUE,TRUE,75
looking tired,TRUE,NA,TRUE,TRUE,76
metal sanding,TRUE,NA,TRUE,TRUE,77
sc downloader,TRUE,NA,TRUE,TRUE,78
fernandina beach,TRUE,NA,TRUE,TRUE,79
adhered definition,TRUE,NA,TRUE,TRUE,80
water park pa,TRUE,NA,TRUE,TRUE,81
kandi burruss instagram,TRUE,NA,TRUE,TRUE,82
server raspberry pi,TRUE,NA,TRUE,TRUE,83
resort in arizona,TRUE,NA,TRUE,TRUE,84
buying dumbbells online,TRUE,NA,TRUE,TRUE,85
long haired golden dachshund,TRUE,NA,TRUE,TRUE,86
blueberry dog,TRUE,NA,TRUE,TRUE,87
steve lacy,TRUE,NA,TRUE,TRUE,88
a.m best,TRUE,NA,TRUE,TRUE,89
best motorcycle for tall riders,TRUE,NA,TRUE,TRUE,90
the movie road house,TRUE,NA,TRUE,TRUE,91
russia ruler,TRUE,NA,TRUE,TRUE,92
pilgrim house provincetown,TRUE,NA,TRUE,TRUE,93
gordon jewellers,TRUE,NA,TRUE,TRUE,94
bakery seattle,TRUE,NA,TRUE,TRUE,95
south beach lebrons 8,TRUE,NA,TRUE,TRUE,96
huffy tricycle adults,TRUE,NA,TRUE,TRUE,97
harry potter aurors,TRUE,NA,TRUE,TRUE,98
r bus,TRUE,NA,TRUE,TRUE,99
once upon a vine wine,TRUE,NA,TRUE,TRUE,100
how to cut a watermelon into cubes,TRUE,NA,TRUE,NA,1
like a broken vessel,TRUE,NA,TRUE,NA,2
foca soap,TRUE,NA,TRUE,NA,3
eisenstadt v baird,TRUE,NA,TRUE,NA,4
"hampton inn mansfield, ohio",TRUE,NA,TRUE,NA,5
home depot brighton co,TRUE,NA,TRUE,NA,6
trailer jack wheels,TRUE,NA,TRUE,NA,7
best action films,TRUE,NA,TRUE,NA,8
rabbit bunny,TRUE,NA,TRUE,NA,9
"meet, google",TRUE,NA,TRUE,NA,10
mile park,TRUE,NA,TRUE,NA,11
best hair salons los angeles,TRUE,NA,TRUE,NA,12
lately i ve been thinking,TRUE,NA,TRUE,NA,13
1973 camaro for sale,TRUE,NA,TRUE,NA,14
poem in korean,TRUE,NA,TRUE,NA,15
area code 740,TRUE,NA,TRUE,NA,16
banger quartz,TRUE,NA,TRUE,NA,17
weather 18052,TRUE,NA,TRUE,NA,18
okc vision source,TRUE,NA,TRUE,NA,19
emancipation of minors,TRUE,NA,TRUE,NA,20
prairie edge,TRUE,NA,TRUE,NA,21
vintage stained glass windows,TRUE,NA,TRUE,NA,22
holy order,TRUE,NA,TRUE,NA,23
lender mortgage rates,TRUE,NA,TRUE,NA,24
skipjack tuna,TRUE,NA,TRUE,NA,25
redwood city pizza,TRUE,NA,TRUE,NA,26
doboy wild 'n out,TRUE,NA,TRUE,NA,27
"things to do in silverton, colorado",TRUE,NA,TRUE,NA,28
roblox free hair,TRUE,NA,TRUE,NA,29
btc to usd price,TRUE,NA,TRUE,NA,30
rashes that look like scabies but aren&#39;t,TRUE,NA,TRUE,NA,31
circular-flow diagram,TRUE,NA,TRUE,NA,32
hyundai of louisville,TRUE,NA,TRUE,NA,33
bonnie silkman,TRUE,NA,TRUE,NA,34
all saints puyallup,TRUE,NA,TRUE,NA,35
esther duflo and abhijit banerjee,TRUE,NA,TRUE,NA,36
baby backpacks hiking,TRUE,NA,TRUE,NA,37
are dolphins smarter than humans,TRUE,NA,TRUE,NA,38
99444 cpt code,TRUE,NA,TRUE,NA,39
coloured food,TRUE,NA,TRUE,NA,40
teevee,TRUE,NA,TRUE,NA,41
becoming a mom quote,TRUE,NA,TRUE,NA,42
what is subdivision,TRUE,NA,TRUE,NA,43
melrose credit union,TRUE,NA,TRUE,NA,44
alaska languages,TRUE,NA,TRUE,NA,45
"autozone clovis, nm",TRUE,NA,TRUE,NA,46
bakugan toy,TRUE,NA,TRUE,NA,47
vietnam traditional clothing,TRUE,NA,TRUE,NA,48
nc child support phone number,TRUE,NA,TRUE,NA,49
aga khan iii,TRUE,NA,TRUE,NA,50
baltimore lab school,TRUE,NA,TRUE,NA,51
glass wall tiles,TRUE,NA,TRUE,NA,52
steam pots,TRUE,NA,TRUE,NA,53
restaurant in new braunfels,TRUE,NA,TRUE,NA,54
text from fake number,TRUE,NA,TRUE,NA,55
car overheats with ac on,TRUE,NA,TRUE,NA,56
adoption process in texas,TRUE,NA,TRUE,NA,57
degloving,TRUE,NA,TRUE,NA,58
does sriracha go bad,TRUE,NA,TRUE,NA,59
list of politician,TRUE,NA,TRUE,NA,60
animeget attack on titan,TRUE,NA,TRUE,NA,61
tracy chapman songs,TRUE,NA,TRUE,NA,62
hopeful love quotes,TRUE,NA,TRUE,NA,63
my little ponies game,TRUE,NA,TRUE,NA,64
barkley theater,TRUE,NA,TRUE,NA,65
lastacaft,TRUE,NA,TRUE,NA,66
r flipping,TRUE,NA,TRUE,NA,67
browning hunting,TRUE,NA,TRUE,NA,68
castlevania on 3ds,TRUE,NA,TRUE,NA,69
"la tuna, mexico",TRUE,NA,TRUE,NA,70
news real estate,TRUE,NA,TRUE,NA,71
ariat coat,TRUE,NA,TRUE,NA,72
bus route 202,TRUE,NA,TRUE,NA,73
my body lyrics young the giant,TRUE,NA,TRUE,NA,74
greenville mall hours,TRUE,NA,TRUE,NA,75
i need vacation,TRUE,NA,TRUE,NA,76
kamala james harris,TRUE,NA,TRUE,NA,77
key chain clips,TRUE,NA,TRUE,NA,78
virgo horoscope daily,TRUE,NA,TRUE,NA,79
kroc center san diego,TRUE,NA,TRUE,NA,80
starship enterprise,TRUE,NA,TRUE,NA,81
library costa mesa,TRUE,NA,TRUE,NA,82
candle wax for ears,TRUE,NA,TRUE,NA,83
trainers in spanish,TRUE,NA,TRUE,NA,84
cadillac for sale - craigslist,TRUE,NA,TRUE,NA,85
ipod touch 7th generation release date,TRUE,NA,TRUE,NA,86
lowes dishwashers installation cost,TRUE,NA,TRUE,NA,87
sioux falls storm,TRUE,NA,TRUE,NA,88
uw madison graduates,TRUE,NA,TRUE,NA,89
promotional credits amazon,TRUE,NA,TRUE,NA,90
my baldy,TRUE,NA,TRUE,NA,91
verizon jackson mi,TRUE,NA,TRUE,NA,92
20 year old birthday ideas,TRUE,NA,TRUE,NA,93
duck dynasty episode,TRUE,NA,TRUE,NA,94
buy micro greens,TRUE,NA,TRUE,NA,95
kanji keyboard,TRUE,NA,TRUE,NA,96
what is promotive,TRUE,NA,TRUE,NA,97
equation formula,TRUE,NA,TRUE,NA,98
beach braids,TRUE,NA,TRUE,NA,99
colorado springs cheyenne mountain,TRUE,NA,TRUE,NA,100
barrington ri restaurants,TRUE,NA,NA,TRUE,1
ideas for walls,TRUE,NA,NA,TRUE,2
kunafa,TRUE,NA,NA,TRUE,3
columbo greenhouse jungle,TRUE,NA,NA,TRUE,4
sales on cameras,TRUE,NA,NA,TRUE,5
foon ying,TRUE,NA,NA,TRUE,6
die another day,TRUE,NA,NA,TRUE,7
movies with glenn close,TRUE,NA,NA,TRUE,8
walmart atascocita,TRUE,NA,NA,TRUE,9
map of,TRUE,NA,NA,TRUE,10
how to wash bras by hand,TRUE,NA,NA,TRUE,11
yahoo finance ewa,TRUE,NA,NA,TRUE,12
mochi cake recipes,TRUE,NA,NA,TRUE,13
pop tarts flavours,TRUE,NA,NA,TRUE,14
the jeffersons full episode,TRUE,NA,NA,TRUE,15
billboard songs,TRUE,NA,NA,TRUE,16
ceiling vinyl,TRUE,NA,NA,TRUE,17
mirrors walmart,TRUE,NA,NA,TRUE,18
hamster of bolt,TRUE,NA,NA,TRUE,19
snl last night,TRUE,NA,NA,TRUE,20
body plans,TRUE,NA,NA,TRUE,21
pensacola public library,TRUE,NA,NA,TRUE,22
lakeland harley-davidson,TRUE,NA,NA,TRUE,23
mobile regional,TRUE,NA,NA,TRUE,24
christmas light outdoor,TRUE,NA,NA,TRUE,25
me n eds tulare,TRUE,NA,NA,TRUE,26
jack the ripper movies,TRUE,NA,NA,TRUE,27
baffled,TRUE,NA,NA,TRUE,28
iup acceptance rate,TRUE,NA,NA,TRUE,29
"urgent care in norfolk, va",TRUE,NA,NA,TRUE,30
chanel mens shoes,TRUE,NA,NA,TRUE,31
cyborg costumes,TRUE,NA,NA,TRUE,32
tweakers,TRUE,NA,NA,TRUE,33
parenting alienation,TRUE,NA,NA,TRUE,34
wigs synthetic hair,TRUE,NA,NA,TRUE,35
home for sale in mount prospect il,TRUE,NA,NA,TRUE,36
braces for shoulder,TRUE,NA,NA,TRUE,37
year of the dragon tattoo,TRUE,NA,NA,TRUE,38
prince street pizza,TRUE,NA,NA,TRUE,39
know synonyms,TRUE,NA,NA,TRUE,40
larry bird indiana state jersey,TRUE,NA,NA,TRUE,41
pho spokane,TRUE,NA,NA,TRUE,42
what is a trapper,TRUE,NA,NA,TRUE,43
coach pizza,TRUE,NA,NA,TRUE,44
minecraft easy houses,TRUE,NA,NA,TRUE,45
"four seasons hotel, austin",TRUE,NA,NA,TRUE,46
colmar france,TRUE,NA,NA,TRUE,47
theme song sons of anarchy,TRUE,NA,NA,TRUE,48
recipes with canned chicken,TRUE,NA,NA,TRUE,49
zach ertz,TRUE,NA,NA,TRUE,50
crain tools,TRUE,NA,NA,TRUE,51
ups in louisville ky,TRUE,NA,NA,TRUE,52
vice president biden,TRUE,NA,NA,TRUE,53
realistic optimism,TRUE,NA,NA,TRUE,54
shiny paras,TRUE,NA,NA,TRUE,55
organises,TRUE,NA,NA,TRUE,56
synonym for shut,TRUE,NA,NA,TRUE,57
centre point mall,TRUE,NA,NA,TRUE,58
jarbo,TRUE,NA,NA,TRUE,59
hospitals in north dakota,TRUE,NA,NA,TRUE,60
sour lemon diesel,TRUE,NA,NA,TRUE,61
orange sunrise,TRUE,NA,NA,TRUE,62
ffdi calculator,TRUE,NA,NA,TRUE,63
walmart leland nc,TRUE,NA,NA,TRUE,64
texas state football scores,TRUE,NA,NA,TRUE,65
smooth philtrum,TRUE,NA,NA,TRUE,66
halloween fonts,TRUE,NA,NA,TRUE,67
youtube banner art,TRUE,NA,NA,TRUE,68
brewery in pa,TRUE,NA,NA,TRUE,69
the alchemist character,TRUE,NA,NA,TRUE,70
cost cutters (oshkosh),TRUE,NA,NA,TRUE,71
dc costco,TRUE,NA,NA,TRUE,72
beaver football score,TRUE,NA,NA,TRUE,73
ankle braces,TRUE,NA,NA,TRUE,74
ted talks.for kids,TRUE,NA,NA,TRUE,75
mikes deli,TRUE,NA,NA,TRUE,76
frozen daiquiri pouches,TRUE,NA,NA,TRUE,77
nj elec,TRUE,NA,NA,TRUE,78
sketch artists,TRUE,NA,NA,TRUE,79
how to send photo by email,TRUE,NA,NA,TRUE,80
flowers graphics,TRUE,NA,NA,TRUE,81
trade deal,TRUE,NA,NA,TRUE,82
thyme market,TRUE,NA,NA,TRUE,83
old baileys,TRUE,NA,NA,TRUE,84
mary sellers,TRUE,NA,NA,TRUE,85
temperatures rome,TRUE,NA,NA,TRUE,86
jewelry ashley,TRUE,NA,NA,TRUE,87
mass facts,TRUE,NA,NA,TRUE,88
huffington post horoscopes,TRUE,NA,NA,TRUE,89
google censored,TRUE,NA,NA,TRUE,90
munchlax,TRUE,NA,NA,TRUE,91
joe shapiro pam shriver,TRUE,NA,NA,TRUE,92
palpitoad,TRUE,NA,NA,TRUE,93
snapping shoals,TRUE,NA,NA,TRUE,94
man of la mancha the impossible dream,TRUE,NA,NA,TRUE,95
differin retinoid,TRUE,NA,NA,TRUE,96
webex vs zoom,TRUE,NA,NA,TRUE,97
shine dupaco,TRUE,NA,NA,TRUE,98
fractions worksheets pdf,TRUE,NA,NA,TRUE,99
servpro,TRUE,NA,NA,TRUE,100
lady capri,TRUE,NA,NA,NA,1
the arts center of cannon county,TRUE,NA,NA,NA,2
meaning of mps,TRUE,NA,NA,NA,3
green jogging pants,TRUE,NA,NA,NA,4
frank sinatra - night and day,TRUE,NA,NA,NA,5
coral alive,TRUE,NA,NA,NA,6
fiestas en mexico,TRUE,NA,NA,NA,7
wife poem,TRUE,NA,NA,NA,8
hunting leases in pa,TRUE,NA,NA,NA,9
washateria near me,TRUE,NA,NA,NA,10
company success,TRUE,NA,NA,NA,11
jordan sneakers release dates,TRUE,NA,NA,NA,12
enterprise holdings,TRUE,NA,NA,NA,13
renaissance harborplace hotel baltimore,TRUE,NA,NA,NA,14
prism eye,TRUE,NA,NA,NA,15
outkick the coverage,TRUE,NA,NA,NA,16
lshunters,TRUE,NA,NA,NA,17
applebees marshalltown iowa,TRUE,NA,NA,NA,18
weather in june alaska,TRUE,NA,NA,NA,19
how to delete,TRUE,NA,NA,NA,20
the san bernardino sun,TRUE,NA,NA,NA,21
threshold stimulus,TRUE,NA,NA,NA,22
fujifilm - instax mini 9,TRUE,NA,NA,NA,23
masking hair colour,TRUE,NA,NA,NA,24
d#7 guitar chord,TRUE,NA,NA,NA,25
movie tick,TRUE,NA,NA,NA,26
park place apartment,TRUE,NA,NA,NA,27
pa programs colorado,TRUE,NA,NA,NA,28
tc10 kicker,TRUE,NA,NA,NA,29
bessemer academy,TRUE,NA,NA,NA,30
"pet-friendly hotels in ocean city, maryland",TRUE,NA,NA,NA,31
dr. syed hussain,TRUE,NA,NA,NA,32
mecca bg,TRUE,NA,NA,NA,33
gorilla types,TRUE,NA,NA,NA,34
height chair,TRUE,NA,NA,NA,35
#include <iostream>,TRUE,NA,NA,NA,36
envios de dinero,TRUE,NA,NA,NA,37
massage marion illinois,TRUE,NA,NA,NA,38
stool for garage,TRUE,NA,NA,NA,39
wayne unser,TRUE,NA,NA,NA,40
ascend math flash cards,TRUE,NA,NA,NA,41
image jewellery,TRUE,NA,NA,NA,42
mccscp,TRUE,NA,NA,NA,43
"lubbock, tx restaurants",TRUE,NA,NA,NA,44
family and marriage therapist degree,TRUE,NA,NA,NA,45
login citibank online,TRUE,NA,NA,NA,46
bridgewater sd,TRUE,NA,NA,NA,47
last castle,TRUE,NA,NA,NA,48
what to do in tahiti,TRUE,NA,NA,NA,49
"la strada,",TRUE,NA,NA,NA,50
"houses for sale in new britain, ct",TRUE,NA,NA,NA,51
budgie bird,TRUE,NA,NA,NA,52
beanie boo turtles,TRUE,NA,NA,NA,53
idek mean,TRUE,NA,NA,NA,54
josh jung,TRUE,NA,NA,NA,55
akali splash art,TRUE,NA,NA,NA,56
tv stands small,TRUE,NA,NA,NA,57
telerik reporting,TRUE,NA,NA,NA,58
kimmy suzuki,TRUE,NA,NA,NA,59
aiken motorcycles,TRUE,NA,NA,NA,60
gel pens with case,TRUE,NA,NA,NA,61
google miles,TRUE,NA,NA,NA,62
essential oils for dog allergies,TRUE,NA,NA,NA,63
flashpoints,TRUE,NA,NA,NA,64
mike comrie,TRUE,NA,NA,NA,65
buffalo bills zubaz,TRUE,NA,NA,NA,66
alana skincare,TRUE,NA,NA,NA,67
nh used car dealerships,TRUE,NA,NA,NA,68
dyno sheets,TRUE,NA,NA,NA,69
router sled plans,TRUE,NA,NA,NA,70
"victorville, ca news",TRUE,NA,NA,NA,71
flashcard games,TRUE,NA,NA,NA,72
the 411 meaning,TRUE,NA,NA,NA,73
michael jordan hand size,TRUE,NA,NA,NA,74
how to stop wheezing at night,TRUE,NA,NA,NA,75
deplaned,TRUE,NA,NA,NA,76
movies | telugu,TRUE,NA,NA,NA,77
u smile justin bieber,TRUE,NA,NA,NA,78
vdi in azure,TRUE,NA,NA,NA,79
white puppy german shepherd,TRUE,NA,NA,NA,80
call duty videos,TRUE,NA,NA,NA,81
pdfdrive,TRUE,NA,NA,NA,82
gary schwartz (voice actor),TRUE,NA,NA,NA,83
anatomy of body,TRUE,NA,NA,NA,84
what does a head ct scan show,TRUE,NA,NA,NA,85
lg vacuum cleaner,TRUE,NA,NA,NA,86
ctqp,TRUE,NA,NA,NA,87
dozier libbey medical high school,TRUE,NA,NA,NA,88
military i d card locations,TRUE,NA,NA,NA,89
sorry cute,TRUE,NA,NA,NA,90
language programs,TRUE,NA,NA,NA,91
sears temecula,TRUE,NA,NA,NA,92
dish western channels,TRUE,NA,NA,NA,93
how to delete snapchat,TRUE,NA,NA,NA,94
"dom's malden, ma",TRUE,NA,NA,NA,95
beneful healthy weight dog food,TRUE,NA,NA,NA,96
evans gambit,TRUE,NA,NA,NA,97
used lexus sale,TRUE,NA,NA,NA,98
online sofas for sale,TRUE,NA,NA,NA,99
parti yorkies,TRUE,NA,NA,NA,100
jealous vs. envy,NA,TRUE,TRUE,TRUE,1
ww1 movie,NA,TRUE,TRUE,TRUE,2
templarios,NA,TRUE,TRUE,TRUE,3
amazon levi jeans,NA,TRUE,TRUE,TRUE,4
loft sale dresses,NA,TRUE,TRUE,TRUE,5
movies life,NA,TRUE,TRUE,TRUE,6
christmas carol disney,NA,TRUE,TRUE,TRUE,7
name puns dirty,NA,TRUE,TRUE,TRUE,8
country style kitchen,NA,TRUE,TRUE,TRUE,9
just come home song,NA,TRUE,TRUE,TRUE,10
fast food for vegans,NA,TRUE,TRUE,TRUE,11
designer space,NA,TRUE,TRUE,TRUE,12
arrest look up,NA,TRUE,TRUE,TRUE,13
h&m discount codes,NA,TRUE,TRUE,TRUE,14
popular places in mexico,NA,TRUE,TRUE,TRUE,15
gas range with downdraft,NA,TRUE,TRUE,TRUE,16
plant with orange flowers,NA,TRUE,TRUE,TRUE,17
culver's portage,NA,TRUE,TRUE,TRUE,18
avon rental,NA,TRUE,TRUE,TRUE,19
soured cream recipe,NA,TRUE,TRUE,TRUE,20
wi basketball score,NA,TRUE,TRUE,TRUE,21
susan's flowers,NA,TRUE,TRUE,TRUE,22
bus trips to new york city,NA,TRUE,TRUE,TRUE,23
wineries south africa,NA,TRUE,TRUE,TRUE,24
wolf quote,NA,TRUE,TRUE,TRUE,25
uff da meaning,NA,TRUE,TRUE,TRUE,26
outdoormanstore,NA,TRUE,TRUE,TRUE,27
aspen time,NA,TRUE,TRUE,TRUE,28
mia sorella,NA,TRUE,TRUE,TRUE,29
blessing opposite,NA,TRUE,TRUE,TRUE,30
bible meanings,NA,TRUE,TRUE,TRUE,31
bis monitor,NA,TRUE,TRUE,TRUE,32
incredibles costumes,NA,TRUE,TRUE,TRUE,33
steinbrenner,NA,TRUE,TRUE,TRUE,34
aca marketplaces,NA,TRUE,TRUE,TRUE,35
professional thank you notes,NA,TRUE,TRUE,TRUE,36
nba ratings,NA,TRUE,TRUE,TRUE,37
vermont used car dealers,NA,TRUE,TRUE,TRUE,38
wireshark filter,NA,TRUE,TRUE,TRUE,39
workers' compensation payment,NA,TRUE,TRUE,TRUE,40
wrapped christmas presents,NA,TRUE,TRUE,TRUE,41
phunky elephant,NA,TRUE,TRUE,TRUE,42
mettles,NA,TRUE,TRUE,TRUE,43
final >; countdown,NA,TRUE,TRUE,TRUE,44
globe theatre of shakespeare,NA,TRUE,TRUE,TRUE,45
powers of the brain,NA,TRUE,TRUE,TRUE,46
auto auction texas,NA,TRUE,TRUE,TRUE,47
"preposition in, on, at examples",NA,TRUE,TRUE,TRUE,48
mid america center council bluffs ia,NA,TRUE,TRUE,TRUE,49
alendronate 70 mg,NA,TRUE,TRUE,TRUE,50
unifi controller port,NA,TRUE,TRUE,TRUE,51
ufc champion belt,NA,TRUE,TRUE,TRUE,52
cinemark 14,NA,TRUE,TRUE,TRUE,53
expectancy theory vroom,NA,TRUE,TRUE,TRUE,54
carmen songs,NA,TRUE,TRUE,TRUE,55
pretty little liars toby,NA,TRUE,TRUE,TRUE,56
louisville bridge walk,NA,TRUE,TRUE,TRUE,57
pharmacy clerk job,NA,TRUE,TRUE,TRUE,58
homes for sale in gridley ca,NA,TRUE,TRUE,TRUE,59
easter bunny silhouettes,NA,TRUE,TRUE,TRUE,60
high altitude cities in us,NA,TRUE,TRUE,TRUE,61
beau biden,NA,TRUE,TRUE,TRUE,62
wall flower decoration,NA,TRUE,TRUE,TRUE,63
llama pajamas,NA,TRUE,TRUE,TRUE,64
watches by brand,NA,TRUE,TRUE,TRUE,65
"allentown , pennsylvania",NA,TRUE,TRUE,TRUE,66
ifly indoor skydiving,NA,TRUE,TRUE,TRUE,67
cotton tie dye dresses,NA,TRUE,TRUE,TRUE,68
push thru,NA,TRUE,TRUE,TRUE,69
sportz hd,NA,TRUE,TRUE,TRUE,70
magnolia bakery menu,NA,TRUE,TRUE,TRUE,71
caroline manzo,NA,TRUE,TRUE,TRUE,72
made-up pokemon,NA,TRUE,TRUE,TRUE,73
filter water brita,NA,TRUE,TRUE,TRUE,74
expressways,NA,TRUE,TRUE,TRUE,75
hammerhead corvette,NA,TRUE,TRUE,TRUE,76
scooby-doo cartoons,NA,TRUE,TRUE,TRUE,77
navy life,NA,TRUE,TRUE,TRUE,78
resorts punta cana,NA,TRUE,TRUE,TRUE,79
fitting models,NA,TRUE,TRUE,TRUE,80
dengue viruses,NA,TRUE,TRUE,TRUE,81
pitayo,NA,TRUE,TRUE,TRUE,82
map anguilla,NA,TRUE,TRUE,TRUE,83
sugilite,NA,TRUE,TRUE,TRUE,84
pizza hut sidney mt,NA,TRUE,TRUE,TRUE,85
oakland ca hotels,NA,TRUE,TRUE,TRUE,86
earth day craft,NA,TRUE,TRUE,TRUE,87
best western sedona az,NA,TRUE,TRUE,TRUE,88
hotels in hill country,NA,TRUE,TRUE,TRUE,89
ketone supplements,NA,TRUE,TRUE,TRUE,90
wham 1180,NA,TRUE,TRUE,TRUE,91
jonesboro pediatric,NA,TRUE,TRUE,TRUE,92
when did theodore roosevelt die,NA,TRUE,TRUE,TRUE,93
sagittarius zodiac sign,NA,TRUE,TRUE,TRUE,94
aveeno ultra calming cleanser,NA,TRUE,TRUE,TRUE,95
comida para baby shower,NA,TRUE,TRUE,TRUE,96
love actually cast,NA,TRUE,TRUE,TRUE,97
white noise download,NA,TRUE,TRUE,TRUE,98
haygrazer,NA,TRUE,TRUE,TRUE,99
storage 24 hour access,NA,TRUE,TRUE,TRUE,100
networkforgood,NA,TRUE,TRUE,NA,1
po4,NA,TRUE,TRUE,NA,2
the vanguard news,NA,TRUE,TRUE,NA,3
best milk chocolates,NA,TRUE,TRUE,NA,4
what is a powerlifter,NA,TRUE,TRUE,NA,5
haunted house lexington ky,NA,TRUE,TRUE,NA,6
pool lounger floats,NA,TRUE,TRUE,NA,7
vegetarian restaurants in minneapolis,NA,TRUE,TRUE,NA,8
car dealerships atlanta,NA,TRUE,TRUE,NA,9
prince hall masonry,NA,TRUE,TRUE,NA,10
oscar schindler,NA,TRUE,TRUE,NA,11
pickleball paddles for sale,NA,TRUE,TRUE,NA,12
"pizza works, old saybrook",NA,TRUE,TRUE,NA,13
spoof caller,NA,TRUE,TRUE,NA,14
chick-fil-a in the news,NA,TRUE,TRUE,NA,15
amazingclubs,NA,TRUE,TRUE,NA,16
fiance gifts for him,NA,TRUE,TRUE,NA,17
colors cancer,NA,TRUE,TRUE,NA,18
china airlines business class,NA,TRUE,TRUE,NA,19
vehicles under 5000,NA,TRUE,TRUE,NA,20
marine boat carpets,NA,TRUE,TRUE,NA,21
frankie gotti agnello,NA,TRUE,TRUE,NA,22
you are my dad,NA,TRUE,TRUE,NA,23
funny fishing jokes,NA,TRUE,TRUE,NA,24
laser drill,NA,TRUE,TRUE,NA,25
my weirdest school,NA,TRUE,TRUE,NA,26
golf course cedar rapids iowa,NA,TRUE,TRUE,NA,27
tennis supplies,NA,TRUE,TRUE,NA,28
lego fighter jets,NA,TRUE,TRUE,NA,29
valparaiso colleges,NA,TRUE,TRUE,NA,30
weather ahwatukee,NA,TRUE,TRUE,NA,31
lodging in lake placid new york,NA,TRUE,TRUE,NA,32
gambling,NA,TRUE,TRUE,NA,33
7 inches,NA,TRUE,TRUE,NA,34
survey building,NA,TRUE,TRUE,NA,35
dolce & gabbana sales,NA,TRUE,TRUE,NA,36
london gordon ramsay restaurants,NA,TRUE,TRUE,NA,37
"hamilton cove, catalina",NA,TRUE,TRUE,NA,38
typhoon def,NA,TRUE,TRUE,NA,39
hmong necklace,NA,TRUE,TRUE,NA,40
restaurants fine dining,NA,TRUE,TRUE,NA,41
frsky taranis,NA,TRUE,TRUE,NA,42
restaurant in wisconsin dells,NA,TRUE,TRUE,NA,43
yes'' in french,NA,TRUE,TRUE,NA,44
chimney flue,NA,TRUE,TRUE,NA,45
mangoes in pakistan,NA,TRUE,TRUE,NA,46
gwynn island va,NA,TRUE,TRUE,NA,47
s&p futures quotes,NA,TRUE,TRUE,NA,48
pizza sodium,NA,TRUE,TRUE,NA,49
nearby 7-eleven,NA,TRUE,TRUE,NA,50
vrbo holland michigan,NA,TRUE,TRUE,NA,51
godsmack album,NA,TRUE,TRUE,NA,52
lázaro cárdenas mexico,NA,TRUE,TRUE,NA,53
concrete texture stamps,NA,TRUE,TRUE,NA,54
laundry service chicago,NA,TRUE,TRUE,NA,55
teachers toolbox,NA,TRUE,TRUE,NA,56
blue and white flag with cross,NA,TRUE,TRUE,NA,57
dairy queen twinsburg,NA,TRUE,TRUE,NA,58
spellsthatwork,NA,TRUE,TRUE,NA,59
pronunciation of pomegranate,NA,TRUE,TRUE,NA,60
teacher clip art,NA,TRUE,TRUE,NA,61
tom warren,NA,TRUE,TRUE,NA,62
sublime text 2,NA,TRUE,TRUE,NA,63
louis museum,NA,TRUE,TRUE,NA,64
jesu maria,NA,TRUE,TRUE,NA,65
truck box tool box,NA,TRUE,TRUE,NA,66
foldable mattress ikea,NA,TRUE,TRUE,NA,67
audubon ballroom.,NA,TRUE,TRUE,NA,68
troy-bilt tiller,NA,TRUE,TRUE,NA,69
driving time houston to austin,NA,TRUE,TRUE,NA,70
tucker farms,NA,TRUE,TRUE,NA,71
ticket to ride,NA,TRUE,TRUE,NA,72
nike acg gore tex jacket,NA,TRUE,TRUE,NA,73
are miniature schnauzers hypoallergenic,NA,TRUE,TRUE,NA,74
autocad lite,NA,TRUE,TRUE,NA,75
james mason,NA,TRUE,TRUE,NA,76
pebble driveways,NA,TRUE,TRUE,NA,77
del taco careers,NA,TRUE,TRUE,NA,78
hayden christensen long hair,NA,TRUE,TRUE,NA,79
polar express california,NA,TRUE,TRUE,NA,80
hand knotted wool rugs,NA,TRUE,TRUE,NA,81
blood pressure monitor panasonic,NA,TRUE,TRUE,NA,82
business card with spot uv,NA,TRUE,TRUE,NA,83
what does wc mean in text,NA,TRUE,TRUE,NA,84
hyattsville maryland,NA,TRUE,TRUE,NA,85
sales real estate,NA,TRUE,TRUE,NA,86
best desk games,NA,TRUE,TRUE,NA,87
calculating child support,NA,TRUE,TRUE,NA,88
leather seats covers,NA,TRUE,TRUE,NA,89
zercher squat,NA,TRUE,TRUE,NA,90
elizabeth smart kidnapper,NA,TRUE,TRUE,NA,91
victory at sea beer,NA,TRUE,TRUE,NA,92
pemberton coca cola,NA,TRUE,TRUE,NA,93
halo: reach for pc,NA,TRUE,TRUE,NA,94
ct labor department,NA,TRUE,TRUE,NA,95
new jersey manufacturer,NA,TRUE,TRUE,NA,96
faqs,NA,TRUE,TRUE,NA,97
movado women's watches sale,NA,TRUE,TRUE,NA,98
salon meaning,NA,TRUE,TRUE,NA,99
internal revenue bureau,NA,TRUE,TRUE,NA,100
fat belly woman,NA,TRUE,NA,TRUE,1
retrieval,NA,TRUE,NA,TRUE,2
westmoreland elementary school,NA,TRUE,NA,TRUE,3
how to ask a guy to be your boyfriend,NA,TRUE,NA,TRUE,4
gift boxed,NA,TRUE,NA,TRUE,5
power-shifting,NA,TRUE,NA,TRUE,6
alice in chains - nutshell lyrics,NA,TRUE,NA,TRUE,7
the duck song,NA,TRUE,NA,TRUE,8
honda minneapolis,NA,TRUE,NA,TRUE,9
fomo meaning,NA,TRUE,NA,TRUE,10
fuzzy animals,NA,TRUE,NA,TRUE,11
mesquite texas,NA,TRUE,NA,TRUE,12
brake for motor,NA,TRUE,NA,TRUE,13
headdress animal jam,NA,TRUE,NA,TRUE,14
ikea panel curtains,NA,TRUE,NA,TRUE,15
interest rates savings accounts,NA,TRUE,NA,TRUE,16
tweed suit 3 piece,NA,TRUE,NA,TRUE,17
free mp3 music downloads sites,NA,TRUE,NA,TRUE,18
cs gas,NA,TRUE,NA,TRUE,19
dry brining turkey,NA,TRUE,NA,TRUE,20
tom myspace,NA,TRUE,NA,TRUE,21
what to do when your bored for kids,NA,TRUE,NA,TRUE,22
frame for 11x17,NA,TRUE,NA,TRUE,23
twitter buy followers,NA,TRUE,NA,TRUE,24
canada's national anthem,NA,TRUE,NA,TRUE,25
soldier gavin degraw lyrics,NA,TRUE,NA,TRUE,26
floral earring,NA,TRUE,NA,TRUE,27
window solar heater,NA,TRUE,NA,TRUE,28
green tea starbucks,NA,TRUE,NA,TRUE,29
houses for rent in dubai,NA,TRUE,NA,TRUE,30
mr.jims pizza,NA,TRUE,NA,TRUE,31
is seeking arrangement safe,NA,TRUE,NA,TRUE,32
dahlias bulbs for sale,NA,TRUE,NA,TRUE,33
drainage cleaner,NA,TRUE,NA,TRUE,34
bathroom vanities with mirrors,NA,TRUE,NA,TRUE,35
gout knees,NA,TRUE,NA,TRUE,36
storm rain,NA,TRUE,NA,TRUE,37
photos scanned,NA,TRUE,NA,TRUE,38
image of happy monday,NA,TRUE,NA,TRUE,39
stuffed animal pillow,NA,TRUE,NA,TRUE,40
milk steak,NA,TRUE,NA,TRUE,41
studio108,NA,TRUE,NA,TRUE,42
dublin post office ohio,NA,TRUE,NA,TRUE,43
surface vs macbook pro,NA,TRUE,NA,TRUE,44
amazon.in watch,NA,TRUE,NA,TRUE,45
pr>f,NA,TRUE,NA,TRUE,46
harley sportster 1200,NA,TRUE,NA,TRUE,47
kids christmas songs,NA,TRUE,NA,TRUE,48
homer library,NA,TRUE,NA,TRUE,49
mcdonald's indianapolis in,NA,TRUE,NA,TRUE,50
green darkness,NA,TRUE,NA,TRUE,51
izzy izumi,NA,TRUE,NA,TRUE,52
ices careers,NA,TRUE,NA,TRUE,53
best restaurants nashville,NA,TRUE,NA,TRUE,54
langerhan cell,NA,TRUE,NA,TRUE,55
lace curtains,NA,TRUE,NA,TRUE,56
david bowie earthling,NA,TRUE,NA,TRUE,57
scan with android,NA,TRUE,NA,TRUE,58
soccer water bottles,NA,TRUE,NA,TRUE,59
axle nut torque specs,NA,TRUE,NA,TRUE,60
sweater for cat,NA,TRUE,NA,TRUE,61
human ventures,NA,TRUE,NA,TRUE,62
brandyourself reviews,NA,TRUE,NA,TRUE,63
lube and tire walmart,NA,TRUE,NA,TRUE,64
tracker run,NA,TRUE,NA,TRUE,65
erie beach pa,NA,TRUE,NA,TRUE,66
slot machines las vegas,NA,TRUE,NA,TRUE,67
hospital in beaumont,NA,TRUE,NA,TRUE,68
barbados rent a car,NA,TRUE,NA,TRUE,69
k-12 program,NA,TRUE,NA,TRUE,70
"things to do in boerne, texas",NA,TRUE,NA,TRUE,71
heart roses,NA,TRUE,NA,TRUE,72
paving definition,NA,TRUE,NA,TRUE,73
pink flamingo plastic,NA,TRUE,NA,TRUE,74
myo inositol and d chiro inositol,NA,TRUE,NA,TRUE,75
knot headbands,NA,TRUE,NA,TRUE,76
"homes for sale in upper marlboro, md",NA,TRUE,NA,TRUE,77
brother sewing machine that embroiders,NA,TRUE,NA,TRUE,78
new mexico state basketball score,NA,TRUE,NA,TRUE,79
charcoal dollar general,NA,TRUE,NA,TRUE,80
lecrae songs,NA,TRUE,NA,TRUE,81
my kfc experience,NA,TRUE,NA,TRUE,82
weather in san angelo tx,NA,TRUE,NA,TRUE,83
lexan sheets,NA,TRUE,NA,TRUE,84
actor in korean,NA,TRUE,NA,TRUE,85
vitals monitor,NA,TRUE,NA,TRUE,86
recetas de como cocinar pechugas de pollo,NA,TRUE,NA,TRUE,87
website background videos,NA,TRUE,NA,TRUE,88
nevro hf10,NA,TRUE,NA,TRUE,89
bakery sandwich,NA,TRUE,NA,TRUE,90
giraffes as pets,NA,TRUE,NA,TRUE,91
smothered potatoes,NA,TRUE,NA,TRUE,92
snitch,NA,TRUE,NA,TRUE,93
launching means,NA,TRUE,NA,TRUE,94
metro bus plan a trip,NA,TRUE,NA,TRUE,95
scrubbing sponge,NA,TRUE,NA,TRUE,96
hits from the street,NA,TRUE,NA,TRUE,97
dancing studio,NA,TRUE,NA,TRUE,98
volusia county curfew,NA,TRUE,NA,TRUE,99
heart of ocean necklace,NA,TRUE,NA,TRUE,100
cottone auctions,NA,TRUE,NA,NA,1
retirarse,NA,TRUE,NA,NA,2
alpharetta dental,NA,TRUE,NA,NA,3
china emp,NA,TRUE,NA,NA,4
hud director martin,NA,TRUE,NA,NA,5
the movie lake placid,NA,TRUE,NA,NA,6
utc-5 time,NA,TRUE,NA,NA,7
appointments,NA,TRUE,NA,NA,8
"golden valley, az weather",NA,TRUE,NA,NA,9
st james place apartments,NA,TRUE,NA,NA,10
build a free website,NA,TRUE,NA,NA,11
19 week pregnancy belly,NA,TRUE,NA,NA,12
cheap mother of the bride dresses under $50,NA,TRUE,NA,NA,13
hours into minutes,NA,TRUE,NA,NA,14
sensory play for babies,NA,TRUE,NA,NA,15
muffler exhaust,NA,TRUE,NA,NA,16
autumnal leaves,NA,TRUE,NA,NA,17
rabble rousers,NA,TRUE,NA,NA,18
costco nutella,NA,TRUE,NA,NA,19
queen of everything mug,NA,TRUE,NA,NA,20
baker's pan,NA,TRUE,NA,NA,21
mental health essay,NA,TRUE,NA,NA,22
eating healthier meals,NA,TRUE,NA,NA,23
the love bug herbie,NA,TRUE,NA,NA,24
dust mites rash,NA,TRUE,NA,NA,25
barcelona managers,NA,TRUE,NA,NA,26
"gillette, wy weather",NA,TRUE,NA,NA,27
"weather brookshire, tx",NA,TRUE,NA,NA,28
ashley furniture ottomans,NA,TRUE,NA,NA,29
flag of hawaii,NA,TRUE,NA,NA,30
agathon,NA,TRUE,NA,NA,31
customised hoodie,NA,TRUE,NA,NA,32
houses for rent in daly city,NA,TRUE,NA,NA,33
recipe caramel,NA,TRUE,NA,NA,34
winds of winter updates,NA,TRUE,NA,NA,35
swimming strokes,NA,TRUE,NA,NA,36
backpack with tent,NA,TRUE,NA,NA,37
8gb of ram,NA,TRUE,NA,NA,38
colour stripping hair,NA,TRUE,NA,NA,39
meme generator free,NA,TRUE,NA,NA,40
renaissance man costumes,NA,TRUE,NA,NA,41
beyonce?!? meme,NA,TRUE,NA,NA,42
"san juan del río, querétaro",NA,TRUE,NA,NA,43
sardines factory,NA,TRUE,NA,NA,44
guitarras acusticas,NA,TRUE,NA,NA,45
freelance designer job,NA,TRUE,NA,NA,46
meaning of remarkable,NA,TRUE,NA,NA,47
best of 2000 songs,NA,TRUE,NA,NA,48
rug in living room,NA,TRUE,NA,NA,49
aeropostale polo shirt,NA,TRUE,NA,NA,50
4x4 decals.,NA,TRUE,NA,NA,51
hotels in queens (new york),NA,TRUE,NA,NA,52
salon san diego,NA,TRUE,NA,NA,53
shopping cars,NA,TRUE,NA,NA,54
corvallis weather,NA,TRUE,NA,NA,55
spring break picture,NA,TRUE,NA,NA,56
uris library,NA,TRUE,NA,NA,57
mobile in china,NA,TRUE,NA,NA,58
south dakota rapid city,NA,TRUE,NA,NA,59
hotels in kilkenny,NA,TRUE,NA,NA,60
genesis verse,NA,TRUE,NA,NA,61
chinese food in grand junction,NA,TRUE,NA,NA,62
a wedding song,NA,TRUE,NA,NA,63
russian red kale recipes,NA,TRUE,NA,NA,64
custom koozie,NA,TRUE,NA,NA,65
pizza parkway,NA,TRUE,NA,NA,66
engraved rings for couples,NA,TRUE,NA,NA,67
alberto vázquez,NA,TRUE,NA,NA,68
neural network,NA,TRUE,NA,NA,69
shopping bags,NA,TRUE,NA,NA,70
"1/4"" rivets",NA,TRUE,NA,NA,71
ramon ayala,NA,TRUE,NA,NA,72
low carb high protein food,NA,TRUE,NA,NA,73
small soundbar,NA,TRUE,NA,NA,74
memory synonym,NA,TRUE,NA,NA,75
weather grapevine ca,NA,TRUE,NA,NA,76
year round wreath,NA,TRUE,NA,NA,77
mcdonald's job application,NA,TRUE,NA,NA,78
raptor-gaming,NA,TRUE,NA,NA,79
mei fun noodle,NA,TRUE,NA,NA,80
cities definition,NA,TRUE,NA,NA,81
best sunscreen for dark skin,NA,TRUE,NA,NA,82
fifth of whiskey,NA,TRUE,NA,NA,83
dave holland,NA,TRUE,NA,NA,84
how to install refrigerator water line,NA,TRUE,NA,NA,85
underworld: awakening,NA,TRUE,NA,NA,86
potato soup recipes,NA,TRUE,NA,NA,87
monthly coffee subscription,NA,TRUE,NA,NA,88
"dmv louisville, ky",NA,TRUE,NA,NA,89
swansons,NA,TRUE,NA,NA,90
chords reason,NA,TRUE,NA,NA,91
velvet blazer mens,NA,TRUE,NA,NA,92
ks lakes,NA,TRUE,NA,NA,93
christmas light wholesale,NA,TRUE,NA,NA,94
buttercup powerpuff girls,NA,TRUE,NA,NA,95
advertise your car,NA,TRUE,NA,NA,96
pañuelos para la cabeza,NA,TRUE,NA,NA,97
killer whale toy,NA,TRUE,NA,NA,98
ga building codes,NA,TRUE,NA,NA,99
witches in the wizard of oz,NA,TRUE,NA,NA,100
jack in the box nc,NA,NA,TRUE,TRUE,1
concerts in dallas,NA,NA,TRUE,TRUE,2
best razors for women,NA,NA,TRUE,TRUE,3
tourism indonesia,NA,NA,TRUE,TRUE,4
model poses,NA,NA,TRUE,TRUE,5
card saver,NA,NA,TRUE,TRUE,6
restaurants with live music,NA,NA,TRUE,TRUE,7
led light home depot,NA,NA,TRUE,TRUE,8
laws for illinois,NA,NA,TRUE,TRUE,9
"campers for sale in des moines, iowa",NA,NA,TRUE,TRUE,10
noodle stir fry sauce,NA,NA,TRUE,TRUE,11
1949 oldsmobile,NA,NA,TRUE,TRUE,12
"salem, idaho",NA,NA,TRUE,TRUE,13
ghastly synonym,NA,NA,TRUE,TRUE,14
meteorologist,NA,NA,TRUE,TRUE,15
shrink polyester,NA,NA,TRUE,TRUE,16
hand signs,NA,NA,TRUE,TRUE,17
bubble tea pearl,NA,NA,TRUE,TRUE,18
backhand meaning,NA,NA,TRUE,TRUE,19
park place lexus,NA,NA,TRUE,TRUE,20
drivers glove,NA,NA,TRUE,TRUE,21
delta dental of virginia,NA,NA,TRUE,TRUE,22
maior divisor comum,NA,NA,TRUE,TRUE,23
japanese baseball,NA,NA,TRUE,TRUE,24
prime sports,NA,NA,TRUE,TRUE,25
lancasters,NA,NA,TRUE,TRUE,26
cindy's deli | dallas,NA,NA,TRUE,TRUE,27
orthopaedic institute of ohio,NA,NA,TRUE,TRUE,28
tacpac,NA,NA,TRUE,TRUE,29
leopard tattoos,NA,NA,TRUE,TRUE,30
keep tracking,NA,NA,TRUE,TRUE,31
chickpea mash,NA,NA,TRUE,TRUE,32
candy costumes diy,NA,NA,TRUE,TRUE,33
laptop desktop stand,NA,NA,TRUE,TRUE,34
accessus,NA,NA,TRUE,TRUE,35
pa law child custody,NA,NA,TRUE,TRUE,36
short love quote,NA,NA,TRUE,TRUE,37
girl eyebrow,NA,NA,TRUE,TRUE,38
does it snow in new york,NA,NA,TRUE,TRUE,39
ksan airport,NA,NA,TRUE,TRUE,40
catrain,NA,NA,TRUE,TRUE,41
estate sale bakersfield,NA,NA,TRUE,TRUE,42
greenville south carolina unemployment office,NA,NA,TRUE,TRUE,43
writing prompts essay,NA,NA,TRUE,TRUE,44
map of michigan lakes,NA,NA,TRUE,TRUE,45
legal cpn,NA,NA,TRUE,TRUE,46
lt800p,NA,NA,TRUE,TRUE,47
jersey mike&#39;s coupons,NA,NA,TRUE,TRUE,48
costco dreft,NA,NA,TRUE,TRUE,49
good evening in german,NA,NA,TRUE,TRUE,50
best club songs,NA,NA,TRUE,TRUE,51
quality control jobs description,NA,NA,TRUE,TRUE,52
hiperglisemia,NA,NA,TRUE,TRUE,53
decorative fish tanks,NA,NA,TRUE,TRUE,54
oven baked chicken wings,NA,NA,TRUE,TRUE,55
companies with names,NA,NA,TRUE,TRUE,56
best cod player,NA,NA,TRUE,TRUE,57
cheapest hotel in biloxi,NA,NA,TRUE,TRUE,58
the first purge,NA,NA,TRUE,TRUE,59
as daylight dies killswitch engage,NA,NA,TRUE,TRUE,60
octfcu,NA,NA,TRUE,TRUE,61
function() javascript,NA,NA,TRUE,TRUE,62
chirp login,NA,NA,TRUE,TRUE,63
camden al,NA,NA,TRUE,TRUE,64
facial hyperhidrosis,NA,NA,TRUE,TRUE,65
login aol email,NA,NA,TRUE,TRUE,66
santa bárbara bendita,NA,NA,TRUE,TRUE,67
jesus turn water into wine,NA,NA,TRUE,TRUE,68
bali bras wireless,NA,NA,TRUE,TRUE,69
altamed anaheim,NA,NA,TRUE,TRUE,70
louisville ky crime rate,NA,NA,TRUE,TRUE,71
tennessee titans score,NA,NA,TRUE,TRUE,72
baby diaper trash can,NA,NA,TRUE,TRUE,73
l georges menu,NA,NA,TRUE,TRUE,74
copyright free image,NA,NA,TRUE,TRUE,75
funny birthday poems for friends,NA,NA,TRUE,TRUE,76
so yummy,NA,NA,TRUE,TRUE,77
my baby daddy cast,NA,NA,TRUE,TRUE,78
the legend of korra spirits,NA,NA,TRUE,TRUE,79
on.hold messaging,NA,NA,TRUE,TRUE,80
"casino in guymon, ok",NA,NA,TRUE,TRUE,81
18-crown-6,NA,NA,TRUE,TRUE,82
dungarvin,NA,NA,TRUE,TRUE,83
scotland october weather,NA,NA,TRUE,TRUE,84
types of jackets for womens,NA,NA,TRUE,TRUE,85
roses box,NA,NA,TRUE,TRUE,86
debate topics for teenager,NA,NA,TRUE,TRUE,87
buff sports,NA,NA,TRUE,TRUE,88
bio-plex,NA,NA,TRUE,TRUE,89
are you the one,NA,NA,TRUE,TRUE,90
pandora bracelet charms,NA,NA,TRUE,TRUE,91
nsa headquarters,NA,NA,TRUE,TRUE,92
pho.to editor,NA,NA,TRUE,TRUE,93
sectors synonym,NA,NA,TRUE,TRUE,94
stop and shop riverhead,NA,NA,TRUE,TRUE,95
city hospital new york,NA,NA,TRUE,TRUE,96
how to knead,NA,NA,TRUE,TRUE,97
words with i,NA,NA,TRUE,TRUE,98
teenage behaviour,NA,NA,TRUE,TRUE,99
polished metal,NA,NA,TRUE,TRUE,100
definition of action,NA,NA,TRUE,NA,1
can am dealership,NA,NA,TRUE,NA,2
merino.wool shirt,NA,NA,TRUE,NA,3
please stand by,NA,NA,TRUE,NA,4
papa sals,NA,NA,TRUE,NA,5
gas burning fireplace,NA,NA,TRUE,NA,6
other words for speak,NA,NA,TRUE,NA,7
drake' wife,NA,NA,TRUE,NA,8
tv leds,NA,NA,TRUE,NA,9
vaunting,NA,NA,TRUE,NA,10
tiffany cuban,NA,NA,TRUE,NA,11
beach bums,NA,NA,TRUE,NA,12
clavarse,NA,NA,TRUE,NA,13
walmart huntington wv,NA,NA,TRUE,NA,14
strongest magnets for sale,NA,NA,TRUE,NA,15
acupuncture points on hand,NA,NA,TRUE,NA,16
world war 2 movie,NA,NA,TRUE,NA,17
keith green - easter song,NA,NA,TRUE,NA,18
cicada 3301 puzzle,NA,NA,TRUE,NA,19
chicken korma,NA,NA,TRUE,NA,20
aveeno shampoos,NA,NA,TRUE,NA,21
stand up.comedians on netflix,NA,NA,TRUE,NA,22
rob bacon,NA,NA,TRUE,NA,23
kc animal shelter,NA,NA,TRUE,NA,24
caramel banana bread,NA,NA,TRUE,NA,25
1/5 of 30,NA,NA,TRUE,NA,26
tiny tent,NA,NA,TRUE,NA,27
best one year cd rates,NA,NA,TRUE,NA,28
selling piano,NA,NA,TRUE,NA,29
v8 engines,NA,NA,TRUE,NA,30
alarm in car,NA,NA,TRUE,NA,31
dark purple nail polish,NA,NA,TRUE,NA,32
common grounding,NA,NA,TRUE,NA,33
murcielago lamborghini,NA,NA,TRUE,NA,34
duke gaming,NA,NA,TRUE,NA,35
north liberty homes for sale,NA,NA,TRUE,NA,36
restaurants gretna ne,NA,NA,TRUE,NA,37
edinburgh outlet,NA,NA,TRUE,NA,38
cape town safety,NA,NA,TRUE,NA,39
restaurants chile,NA,NA,TRUE,NA,40
hampton inn des moines ia,NA,NA,TRUE,NA,41
mt.baker lodging,NA,NA,TRUE,NA,42
luma plush,NA,NA,TRUE,NA,43
fried chicken giant eagle,NA,NA,TRUE,NA,44
customized winter hats,NA,NA,TRUE,NA,45
men's nike jackets,NA,NA,TRUE,NA,46
"harry potter, the first movie",NA,NA,TRUE,NA,47
cacky shorts,NA,NA,TRUE,NA,48
cal state >;< la,NA,NA,TRUE,NA,49
new zealand landscape,NA,NA,TRUE,NA,50
ebola patient,NA,NA,TRUE,NA,51
pokemon purses,NA,NA,TRUE,NA,52
making jewelry with beads,NA,NA,TRUE,NA,53
bear mountain skiing,NA,NA,TRUE,NA,54
50 cent working out,NA,NA,TRUE,NA,55
customer lifecycle,NA,NA,TRUE,NA,56
air max 96,NA,NA,TRUE,NA,57
striping in las vegas,NA,NA,TRUE,NA,58
max the curse of brotherhood,NA,NA,TRUE,NA,59
the rolling stones ~ the last time,NA,NA,TRUE,NA,60
jenks pizza,NA,NA,TRUE,NA,61
where are the galapagos islands located?,NA,NA,TRUE,NA,62
slide in range induction,NA,NA,TRUE,NA,63
wallpaper woods,NA,NA,TRUE,NA,64
etsy baby shower invites,NA,NA,TRUE,NA,65
menlo park mall movies,NA,NA,TRUE,NA,66
calorie pizza,NA,NA,TRUE,NA,67
hummingbirds tongue,NA,NA,TRUE,NA,68
"lawrence memorial hospital medford, ma",NA,NA,TRUE,NA,69
hogan's,NA,NA,TRUE,NA,70
return on investment calculator,NA,NA,TRUE,NA,71
wizard's chest denver,NA,NA,TRUE,NA,72
ct magazines,NA,NA,TRUE,NA,73
shell beach louisiana,NA,NA,TRUE,NA,74
shelving units lowes,NA,NA,TRUE,NA,75
josh gates,NA,NA,TRUE,NA,76
dubuque ia,NA,NA,TRUE,NA,77
habeet,NA,NA,TRUE,NA,78
hangers closet organizers,NA,NA,TRUE,NA,79
definite article the,NA,NA,TRUE,NA,80
vanquishing,NA,NA,TRUE,NA,81
call mom cell,NA,NA,TRUE,NA,82
aspiration meaning in english,NA,NA,TRUE,NA,83
tcu email login,NA,NA,TRUE,NA,84
monkey barrels,NA,NA,TRUE,NA,85
r relationship,NA,NA,TRUE,NA,86
induced sputum,NA,NA,TRUE,NA,87
weird things to do in portland,NA,NA,TRUE,NA,88
plateau herbicide,NA,NA,TRUE,NA,89
barrels for pickling,NA,NA,TRUE,NA,90
graffiti fonts,NA,NA,TRUE,NA,91
decorative wooden ladder,NA,NA,TRUE,NA,92
roman chair leg raise.,NA,NA,TRUE,NA,93
circe odysseus,NA,NA,TRUE,NA,94
grar,NA,NA,TRUE,NA,95
keith raniere,NA,NA,TRUE,NA,96
it's in the bag game,NA,NA,TRUE,NA,97
joan jett and the blackhearts i love rock 'n roll,NA,NA,TRUE,NA,98
geraldine page,NA,NA,TRUE,NA,99
lips glow,NA,NA,TRUE,NA,100
lace curtain irish,NA,NA,NA,TRUE,1
collector of vinyl records,NA,NA,NA,TRUE,2
dentists in dc,NA,NA,NA,TRUE,3
cast of absolute power,NA,NA,NA,TRUE,4
copywriter courses,NA,NA,NA,TRUE,5
colored melting chocolate,NA,NA,NA,TRUE,6
cost of night nurse,NA,NA,NA,TRUE,7
"homes for sale ontario, ca",NA,NA,NA,TRUE,8
aita,NA,NA,NA,TRUE,9
outdoor light fixture,NA,NA,NA,TRUE,10
tim.mcgraw a place in the sun,NA,NA,NA,TRUE,11
co-insurer,NA,NA,NA,TRUE,12
55inches in feet,NA,NA,NA,TRUE,13
online teaching jobs,NA,NA,NA,TRUE,14
fish lure,NA,NA,NA,TRUE,15
spirit animals quiz,NA,NA,NA,TRUE,16
baby chameleons,NA,NA,NA,TRUE,17
the last airbender cast,NA,NA,NA,TRUE,18
dresses by lara,NA,NA,NA,TRUE,19
fun maths,NA,NA,NA,TRUE,20
apartments for rent delaware,NA,NA,NA,TRUE,21
scott county assessor,NA,NA,NA,TRUE,22
hard rock resorts riviera maya,NA,NA,NA,TRUE,23
simulator racing,NA,NA,NA,TRUE,24
yeezus wallpaper,NA,NA,NA,TRUE,25
dial body wash antibacterial,NA,NA,NA,TRUE,26
51 ford,NA,NA,NA,TRUE,27
apartments that accept section 8 vouchers,NA,NA,NA,TRUE,28
dachshund pronunciation,NA,NA,NA,TRUE,29
"port townsend, washington",NA,NA,NA,TRUE,30
trampoline exercising,NA,NA,NA,TRUE,31
multitask,NA,NA,NA,TRUE,32
mr. potter,NA,NA,NA,TRUE,33
holiday inn express omaha,NA,NA,NA,TRUE,34
apartments in craigslist,NA,NA,NA,TRUE,35
mexican consulate sacramento,NA,NA,NA,TRUE,36
transfer liverpool,NA,NA,NA,TRUE,37
camping at lake of the ozarks,NA,NA,NA,TRUE,38
adults jigsaw puzzles,NA,NA,NA,TRUE,39
can you get a credit card at 17,NA,NA,NA,TRUE,40
electrical transformer,NA,NA,NA,TRUE,41
65cm exercise ball,NA,NA,NA,TRUE,42
collection 1,NA,NA,NA,TRUE,43
"jacksonville, fl home builders",NA,NA,NA,TRUE,44
artist rendering,NA,NA,NA,TRUE,45
pediatricians in beverly hills,NA,NA,NA,TRUE,46
bambi movie,NA,NA,NA,TRUE,47
low carb soup,NA,NA,NA,TRUE,48
potters bridge,NA,NA,NA,TRUE,49
cheap diet plans,NA,NA,NA,TRUE,50
"usa, usa, usa",NA,NA,NA,TRUE,51
club dv8,NA,NA,NA,TRUE,52
integration synonyms,NA,NA,NA,TRUE,53
what makes peppers hot,NA,NA,NA,TRUE,54
pierglass,NA,NA,NA,TRUE,55
horse lands,NA,NA,NA,TRUE,56
ethernet cable 50 ft,NA,NA,NA,TRUE,57
hats online,NA,NA,NA,TRUE,58
examples of peninsula,NA,NA,NA,TRUE,59
free kids colouring pages,NA,NA,NA,TRUE,60
coloring pages of bunnies,NA,NA,NA,TRUE,61
property management-greenville,NA,NA,NA,TRUE,62
seabrook nh zip,NA,NA,NA,TRUE,63
kent's market,NA,NA,NA,TRUE,64
hay sales,NA,NA,NA,TRUE,65
live draw sydney,NA,NA,NA,TRUE,66
alaska airlines check in,NA,NA,NA,TRUE,67
circle profile picture,NA,NA,NA,TRUE,68
easter egg colouring pages,NA,NA,NA,TRUE,69
vital record,NA,NA,NA,TRUE,70
choice catalogue,NA,NA,NA,TRUE,71
commercial window tinting near me,NA,NA,NA,TRUE,72
harry potter books 4,NA,NA,NA,TRUE,73
crystaldiskmark,NA,NA,NA,TRUE,74
ce-36329-3 ps4,NA,NA,NA,TRUE,75
mountain view apartment,NA,NA,NA,TRUE,76
carrot dips,NA,NA,NA,TRUE,77
american standard toilet wall mount,NA,NA,NA,TRUE,78
1.4 billion,NA,NA,NA,TRUE,79
deals for ipads,NA,NA,NA,TRUE,80
los temerarios canciones,NA,NA,NA,TRUE,81
dental assistant salary sc,NA,NA,NA,TRUE,82
tillys coupon in store,NA,NA,NA,TRUE,83
peapod stop and shop,NA,NA,NA,TRUE,84
recipe with boneless chicken,NA,NA,NA,TRUE,85
international driver license,NA,NA,NA,TRUE,86
gifts for valentines day for her,NA,NA,NA,TRUE,87
tantalum,NA,NA,NA,TRUE,88
dog halloween costumes,NA,NA,NA,TRUE,89
tiny desk concerts,NA,NA,NA,TRUE,90
appraiser jewelry,NA,NA,NA,TRUE,91
evisceration of eye,NA,NA,NA,TRUE,92
foreskin restore.,NA,NA,NA,TRUE,93
evosaw380,NA,NA,NA,TRUE,94
reds garden center,NA,NA,NA,TRUE,95
i 80 rest stops,NA,NA,NA,TRUE,96
newspring wichita,NA,NA,NA,TRUE,97
islanders schedule,NA,NA,NA,TRUE,98
"zillow henrico, va",NA,NA,NA,TRUE,99
yard christmas decorations,NA,NA,NA,TRUE,100
diy pocket door,NA,NA,NA,NA,1
wraith price,NA,NA,NA,NA,2
prepaid customer service att,NA,NA,NA,NA,3
johnny cash - “ring of fire,NA,NA,NA,NA,4
mr blue skies lyrics,NA,NA,NA,NA,5
big y pizza,NA,NA,NA,NA,6
st louis marketing jobs,NA,NA,NA,NA,7
small wet dry vacuums,NA,NA,NA,NA,8
m&m easter,NA,NA,NA,NA,9
normal blood pressure for a woman,NA,NA,NA,NA,10
coqui taino tattoo,NA,NA,NA,NA,11
2.1inch to mm,NA,NA,NA,NA,12
lavender sheets,NA,NA,NA,NA,13
oklahoma city chiropractic,NA,NA,NA,NA,14
used boats for sale california,NA,NA,NA,NA,15
vet in oxford,NA,NA,NA,NA,16
california nhl hockey teams,NA,NA,NA,NA,17
garage door close,NA,NA,NA,NA,18
"regional hospital terre haute, in",NA,NA,NA,NA,19
boil garlic,NA,NA,NA,NA,20
pillow princess,NA,NA,NA,NA,21
fostering dogs,NA,NA,NA,NA,22
flight to london,NA,NA,NA,NA,23
submission,NA,NA,NA,NA,24
temple college basketball,NA,NA,NA,NA,25
ahoge hair,NA,NA,NA,NA,26
restaurant space for rent,NA,NA,NA,NA,27
grass jelly,NA,NA,NA,NA,28
r ck2,NA,NA,NA,NA,29
what to do with old glasses,NA,NA,NA,NA,30
canners supply,NA,NA,NA,NA,31
money isn't everything,NA,NA,NA,NA,32
nebraska furniture,NA,NA,NA,NA,33
actors in robin hood,NA,NA,NA,NA,34
motion concepts,NA,NA,NA,NA,35
jiffy lube synthetic oil change coupon,NA,NA,NA,NA,36
65600 lisle,NA,NA,NA,NA,37
mike williams,NA,NA,NA,NA,38
chest freezer lock,NA,NA,NA,NA,39
sensi box,NA,NA,NA,NA,40
alcohol absinthe,NA,NA,NA,NA,41
roblox on ps4,NA,NA,NA,NA,42
what is efficient,NA,NA,NA,NA,43
ahcccs customer service,NA,NA,NA,NA,44
church's chicken coupons,NA,NA,NA,NA,45
possum poop pictures,NA,NA,NA,NA,46
red charm peonies,NA,NA,NA,NA,47
websites like asos,NA,NA,NA,NA,48
grease dancers,NA,NA,NA,NA,49
linux arch,NA,NA,NA,NA,50
1 ream of paper,NA,NA,NA,NA,51
russia flag image,NA,NA,NA,NA,52
boston to punta cana,NA,NA,NA,NA,53
hotels in moody gardens,NA,NA,NA,NA,54
craig stevens,NA,NA,NA,NA,55
ffxiv maintenance,NA,NA,NA,NA,56
hk usp 40 compact,NA,NA,NA,NA,57
chinese monkey,NA,NA,NA,NA,58
dw home candles,NA,NA,NA,NA,59
luther crest,NA,NA,NA,NA,60
gif backgrounds,NA,NA,NA,NA,61
shalvar,NA,NA,NA,NA,62
maxmara dress,NA,NA,NA,NA,63
anna hut,NA,NA,NA,NA,64
wallpaper with bible verses,NA,NA,NA,NA,65
wallpapers for desktop hd,NA,NA,NA,NA,66
defrost tray,NA,NA,NA,NA,67
headache for 4 days,NA,NA,NA,NA,68
funniest animals,NA,NA,NA,NA,69
earth luna,NA,NA,NA,NA,70
tiffany moore,NA,NA,NA,NA,71
rapid cycle bipolar,NA,NA,NA,NA,72
traverse 2015,NA,NA,NA,NA,73
black vanity sets,NA,NA,NA,NA,74
bus monitors,NA,NA,NA,NA,75
inside amazon warehouse,NA,NA,NA,NA,76
opencourseware yale,NA,NA,NA,NA,77
taps shoes,NA,NA,NA,NA,78
big hugs image,NA,NA,NA,NA,79
deutsch kerrigan,NA,NA,NA,NA,80
motorola wireless earbuds,NA,NA,NA,NA,81
1950's tv,NA,NA,NA,NA,82
photography digital,NA,NA,NA,NA,83
cradles for babies,NA,NA,NA,NA,84
houston auto brokers,NA,NA,NA,NA,85
skype app,NA,NA,NA,NA,86
5'5 in cm,NA,NA,NA,NA,87
centralia pennsylvania map,NA,NA,NA,NA,88
northshore fence,NA,NA,NA,NA,89
saukerl,NA,NA,NA,NA,90
wrist bracing,NA,NA,NA,NA,91
deadly caterpillars,NA,NA,NA,NA,92
door decorations christmas,NA,NA,NA,NA,93
keyboard magic,NA,NA,NA,NA,94
tamale pie,NA,NA,NA,NA,95
wwe championship belt,NA,NA,NA,NA,96
eckler corvette parts,NA,NA,NA,NA,97
labral tear symptoms hip,NA,NA,NA,NA,98
americold,NA,NA,NA,NA,99
fort lauderdale news,NA,NA,NA,NA,100
